PRODUKTUA;IZENA;PREZIOA
Produktua [id=3, name=Samsung Galaxy S22 Ultra 256GB+12GB RAM, list_price=1299.0]
Produktua [id=11, name=Protector de Cámara Metalizado para iPhone 12, list_price=4.99]
Produktua [id=4, name=Samsung Galaxy S10 128GB+8GB RAM, list_price=299.0]
Produktua [id=12, name=Cargador de carga rápida, list_price=12.0]
Produktua [id=5, name=OEM Samsung Cargador Original EP-TA200EWE + Cable EP-DR140AWE (5V-2A, 9V-1.67A) - para Galaxy S10, S10+, S10e, S9, S9+ (Cargador + Cable Tipo C, Blanco) (EPTA200 + DR140 B W), list_price=11.69]
Produktua [id=20, name=Xiaomi Correa silicona Mi Band 3, list_price=3.99]
Produktua [id=13, name=Cristal Templado Completo para Huawei Honor X7, list_price=12.99]
Produktua [id=7, name=PanzerGlass Protector Pantalla Case Friendly iPhone 12 / iPhone 12 Pro, list_price=29.99]
Produktua [id=6, name=Apple iPhone 12 256GB, list_price=879.0]
Produktua [id=8, name=Apple Auriculares de botón Apple AirPods Pro (2.ª generación), list_price=299.0]
Produktua [id=9, name=Fundas AirPods 2, list_price=3.99]
Produktua [id=14, name=Cristal Templado Completo para iPhone 6S, list_price=17.99]
Produktua [id=10, name=Funda para iPhone 11 Oficial de Disney Simba y Nala Silueta - El Rey León, list_price=12.99]
Produktua [id=15, name=Cristal Templado Completo Antiespía para Samsung Galaxy M21, list_price=15.95]
Produktua [id=16, name=Cristal Templado Completo Antiespía Negro para Samsung Galaxy S8, list_price=15.95]
Produktua [id=17, name=Funda Móvil Diseño Oficial AC/DC - Lock Up Your Daughters, list_price=12.95]
Produktua [id=19, name=Samsung Galaxy Watch5 44mm BT, list_price=329.9]
Produktua [id=21, name=Xiaomi Mi Band 3, list_price=27.18]
Produktua [id=25, name=Samsung Correa para Gear S2 Sport, list_price=18.92]
Produktua [id=22, name=Xiaomi Mi Watch, list_price=103.68]
Produktua [id=23, name=Samsung Galaxy Watch5 Pro 45mm 4G, list_price=519.9]
Produktua [id=24, name=Samsung Gear Fit 2 Pro KM0, list_price=52.81]
Produktua [id=26, name=Samsung Gear S2 Classic, list_price=108.56]
Produktua [id=27, name=Apple Watch Series 3 42mm, list_price=235.0]
Produktua [id=28, name=Apple MX2G2ZM/A accesorio de smartwatch Cable de carga Blanco, list_price=74.05]
Produktua [id=29, name=Amazfit Bip 3 Pro, list_price=69.99]
Produktua [id=30, name=Amazfit GTS 2 mini, list_price=79.99]
Produktua [id=31, name=ZTE Blade A52 Lite 32GB+2GB RAM, list_price=99.0]
Produktua [id=32, name=OPPO A54s 128GB+4GB RAM, list_price=169.0]
Produktua [id=33, name=Samsung Galaxy Z Flip4 256GB+8GB RAM, list_price=865.99]
Produktua [id=18, name=Cargador con cable + Adaptador para Coche, list_price=15.0]
Produktua [id=34, name=Samsung Galaxy A52s 5G 128GB+6GB RAM, list_price=299.0]
Produktua [id=35, name=Xiaomi Mi 9T Pro 128GB+6GB RAM, list_price=299.0]
Produktua [id=41, name=ZTE Blade A31 32GB+2GB RAM, list_price=79.0]
Produktua [id=36, name=Xiaomi 11T 5G 256GB+8GB RAM, list_price=599.0]
Produktua [id=42, name=ZTE Blade A51 32GB+2GB RAM, list_price=89.0]
Produktua [id=37, name=Xiaomi Redmi 10C 128GB+4GB RAM, list_price=169.0]
Produktua [id=38, name=Samsung Galaxy A13 64GB+4GB RAM, list_price=159.0]
Produktua [id=40, name=Ebox Protector pantalla vidrio Samsung Galaxy A13, list_price=9.99]
Produktua [id=39, name=Samsung Galaxy Buds Live KM0, list_price=59.99]
Produktua [id=43, name=ZTE LiveBuds, list_price=16.99]
Produktua [id=44, name=Ebox Protector pantalla ZTE Blade A51, list_price=9.99]
Produktua [id=45, name=Samsung PD 25W Wall Charger, list_price=34.99]
Produktua [id=46, name=Apple Funda Silicone Case iPhone 11 Pro Max, list_price=44.99]
Produktua [id=49, name=Funda para Huawei Mate 20 X del Valladolid Escudo, list_price=14.99]
Produktua [id=50, name=Funda para Xiaomi Redmi 7A del Eibar Escudo, list_price=14.99]
Produktua [id=51, name=Funda para Xiaomi Redmi S2 del Atleti Escudo, list_price=1.0]
Produktua [id=47, name=Huawei P30 Lite 128GB+4GB RAM, list_price=189.0]
Produktua [id=48, name=Huawei Mate 20 Lite, list_price=325.99]
